<filter>
    <filter-name>securityFilter</filter-name>
    <filter-class>org.pac4j.jee.filter.SecurityFilter</filter-class>
    <init-param>
        <param-name>configFactory</param-name>
        <param-value>org.pac4j.demo.jee.DemoConfigFactory</param-value>
    </init-param>
    <init-param>
        <param-name>clients</param-name>
        <param-value>CasClient</param-value>
    </init-param>
</filter>
<filter-mapping>
    <filter-name>securityFilter</filter-name>
    <url-pattern>/private/*</url-pattern>
</filter-mapping>
<filter>
    <filter-name>callbackFilter</filter-name>
    <filter-class>org.pac4j.jee.filter.CallbackFilter</filter-class>
</filter>
<filter-mapping>
    <filter-name>callbackFilter</filter-name>
    <url-pattern>/callback</url-pattern>
</filter-mapping>
